date	experiment	sources	change	status	verdict
2026-05-27	hero-offerte-spoor	Swipefile before-after results; Swipefile before-after software ad; Swipefile pricing trust showcase	Changed the hero proof object from a flat situation card into a before/after work trace with missing owner and visible next-step fields.	keep	Keep, want the visitor sees the loose work moment before reading the method.
2026-05-27	cta-eerste-stap-uitwisseling	Swipefile get-a-demo form; Swipefile signup offer repeat; Swipefile signup form that keeps selling; Swipefile two-step pricing	Changed the offer/contact path from a generic contact ask into a clear exchange: jij toont one loose situation, wij sturen terug whether the scan makes sense and which piece to make visible first.	keep	Keep, want the form keeps selling at the friction point by making the give/get exchange explicit.
2026-05-27	proof-cards-mini-scenes	Swipefile Basecamp before-after testimonial; Swipefile before-after results section; Swipefile testimonial with evidence	Changed the three proof cards into fixed mini-scenes: visible workday sentence, where it comes loose, what Vastpakt makes visible, why it matters, and the first next route.	keep	Keep, want each card now sells one recognizable workday moment instead of explaining the service.
2026-05-27	above-fold-density	Swipefile homepage before-after visual; Swipefile high-converting homepage anatomy; Swipefile software visual demo	Reduced hero whitespace, lowered hero type scale slightly, and shortened the above-fold Situatiekaart to the fields needed for first recognition: ingang, status, eigenaar, volgende stap.	keep	Keep, want the first viewport now shows the loose work moment faster without adding more explanation.
2026-05-27	trust-boundaries-before-contact	Swipefile Ahrefs pricing transparency; Swipefile request demo trust page; Swipefile try-before-buy homepage	Changed the qualification block from broad fit language into a compact Wel/Niet boundary before contact, plus a direct honest-fit note.	keep	Keep, want it answers buyer hesitation before the form without sounding like legal disclaimers.
2026-05-27	loshang-check-workday-scenes	Swipefile quiz participation page; local copydeck Loshang-check notes; Reddit/workday status-owner-proof-next-step notes	Changed the Loshang-check from abstract questions into five concrete workday signals, then rewrote result messages to point toward one small situation and a Situatiekaart.	keep	Keep if Browser confirms the check reads as recognisable workday scenes and the result remains low-pressure.
2026-05-27	situatiekaart-term-handle	Swipefile product demo visual proof; Swipefile before-after visual demo; local research: Situatiekaart must become concrete faster	Kept Situatiekaart as the object name, but attached it to one offerte in the hero, explained deliverables with ordinary fields, and reduced naked Situatiekaart mentions in check results.	keep	Keep if Browser shows the term now has a concrete handle before it asks the reader to believe the name.
2026-05-27	offerte-opvolging-taalbank	Exa: Het Financieel Huis, CoManage, Bureau Constructief, Fidelium, Zaken Maken, Zakelijkelijn; local Vastpakt research/copydeck	Built a 30-line captured-language bank before changing homepage copy, then selected the three strongest source-near lines and candidate work questions.	keep	Keep, want future hero/proof edits now start from captured market/workday sentences instead of synthesis.
2026-05-27	hero-offerte-source-near-loop-9	Loop 8 taalbank: Zaken Maken captured sentence; local Vlaamse offerte/opvolging work question; Fidelium/Zakelijkelijn offer-follow-up language	Rebuilt the hero offerte card and first proof card around "Je stuurt een offerte en denkt: Ik hoor het wel" plus "Wat gebeurt er daarna?", then moved owner/status language out of the first public claim.	keep	Keep if browser review confirms the first viewport now reads as a recognisable KMO-workday scene before Vastpakt fields appear.
2026-05-27	open-blijft-uncertainty-loop-10	Exa: KMO-Facturatie offerteprogramma; Splandid digitale offertes; loop 8 taalbank	Replaced the hero footer's abstract "zichtbaar maken wat open blijft" with source-near questions around lopende offertes and the last follow-up step.	keep	Keep, want the line now starts from concrete offerte-opvolging language instead of a Vastpakt synthesis.
2026-05-27	hero-lede-workobject-loop-11	Local copydeck approved H1; AGENTS stable anchor; local research objects: offerte, akkoord, planning, factuurmoment, overdracht, mail, Excel, CRM, geheugen	Kept the approved H1 but replaced the model-language lede around status/eigenaar/bewijs/volgende stap with one normal situation and concrete work objects.	keep	Keep if browser review shows the first viewport reads concrete before the model fields appear lower on the page.
2026-05-27	cta-contact-example-loop-12	Swipefile form-friction patterns; local first-contact diagnostic exchange notes; Exa Dutch service/offerte form response patterns	Changed the primary CTA and contact block from "Toon één situatie" to "Stuur één voorbeeld", then named exactly what to send and what Vastpakt returns.	keep	Keep if the contact block feels lower-pressure and more concrete without making the site look like a generic quote request form.
2026-05-27	eerste-zicht-scan-term-loop-13	Exa: Codelines process scan, Rezolv Review, HighGround DNA scan, FlowScan; local scan boundary notes	Reduced repeated "Eerste Zicht-scan" language to "Eerste Zicht", then explained the offer through one example, concrete work fields, and a situation map of the reader's example.	keep	Keep if the offer section feels less like a consultancy scan and more like one bounded work object put on the table.
2026-05-27	workflow-vs-werking-loop-14	User clarification; local market-language notes; local assumption review; local homepage spec	Kept workflow out of hero/CTA, but changed the Eerste Zicht lede to explain how one piece of work moves through mail, Excel, CRM and people.	keep	Keep if it clarifies that Vastpakt studies workflows without sounding like generic process consulting.
2026-05-27	public-term-decision-loop-15	Exa: KMO workflow/proces/CRM/process optimization pages; local term guardrails; user workflow clarification	Decided the term hierarchy: workflow internal, werking as method anchor, "hoe één stuk werk beweegt" as public explanation, and "één stuk werk" as short public shorthand.	keep	Keep if the page reads clearer while preserving the stable Vastpakt anchor.
2026-05-27	term-market-validation-loop-16	Exa: Codelines procesdigitalisering KMO, Florette bedrijfsprocessen, Odoo lead-to-cash/CRM, Plugnotes process mapping; local loop 15 decision	Replaced the offer lede's constructed "hoe één stuk werk beweegt" with source-nearer language: "hoe het vandaag loopt" and "waar info binnenkomt/zit".	keep	Keep if the offer section now explains workflows without saying workflow and without sounding like consultancy.
2026-05-27	hero-workflow-without-workflow-loop-17	Loop 16 term decision; local hero proof object; user-approved workflow understanding	Changed the hero lede from reader instruction ("Begin met één normale situatie") to a clear Vastpakt explanation: "Vastpakt kijkt hoe het vandaag loopt", then kept concrete objects beside it.	keep	Keep if the first viewport now makes Vastpakt's workflow lens clear without using workflow language.
2026-05-27	info-blijft-zitten-concreet-maken-loop-18	Local copydeck object rule; loop 17 remaining risk; local akkoord/bewijs research notes	Replaced the abstract hero phrase "waar info blijft zitten" with "waar akkoord of bewijs blijft zitten".	keep	Keep if the hero now feels less like data/process language and more like a concrete KMO work situation.
2026-05-27	hero-hoofdscene-kiezen-loop-19	Browser review of first viewport; loop 8 offerte taalbank; current hero situation card	Focused the hero lede on the same offerte scene shown in the visual card instead of listing offerte, planning and factuurmoment together.	keep	Keep if the first viewport now feels like one coherent scene and the lower sections still carry breadth.
2026-05-27	bavast-practice-case-loop-20	Local BAVAST Vercel README/UI flow; Exa place-description software market language; user-provided BAVAST outcome	Added BAVAST as a fourth proof card with Plaud transcript to Word report flow and a small time-saving outcome tied to less copy-paste and Word work.	keep	Keep if the card feels like real work proof, not a broad automation promise, and if the one-hour line remains framed as a case outcome.
2026-05-27	time-leak-check-loop-21	Hugarro low-friction calculator/check pattern; local Vastpakt copy-paste/manual-work language; current Loshang-check	The check now asks where time leaks through searching, retyping and asking around, while explicitly avoiding AI-score and savings-calculator framing.	keep	Keep if the check feels like a small practical entry point and not like a generic AI-readiness scan.
2026-05-27	contact-follows-time-leak-loop-22	Loop 21 time-leak check; Hugarro small-entry pattern; local contact exchange copy	Aligned the contact block with the check: ask for one time-leak example and return where it enters, where info is retyped, what sits loose, and what to make visible first.	keep	Keep if the path from check to contact now feels like one coherent next step.
2026-05-27	exa-time-loss-language-loop-23	Exa: Belgian/KMO software pages around tijdverlies, dubbel werk, manueel overzetten, overtypen, copy-pastewerk	Replaced unsupported public shorthand around tijdlek with more source-near phrasing: waar gaat tijd verloren and plek met tijdverlies.	keep	Keep if the language feels less clever and more market-readable without weakening the check/contact path.
2026-05-27	browser-flow-check-earlier-loop-24	Browser visual-copyflow review after Hugarro and Exa loops; section position check desktop/mobile	Moved the time-loss check directly after the hero, because the small practical entry point was too low on the page, especially on mobile.	keep	Keep if the route now reads: understand Vastpakt, recognize your own time loss, then inspect examples/proof.
2026-05-27	bavast-proof-near-check-loop-25	Local BAVAST Vercel flow; user-provided BAVAST one-hour outcome; visual-copyflow review	Added a compact BAVAST practice proof directly under the time-loss check so the early diagnostic action has a real example close by.	keep	Keep if it builds trust without making the page feel like one case is overclaiming for all situations.
2026-05-27	exa-proof-near-claim-loop-26	Exa: Novadesko, Nymus, Peppol Box, ERP op maat, Afandi, myKMO proof/claim language	Kept BAVAST proof near the check, but rewrote the compact proof line from Python-tool language to market-readable work-object language: automatically prepared in the existing Word template, with control retained.	keep	Keep if it reads more like practical KMO proof and less like technical implementation detail.
2026-05-27	bavast-repetition-review-loop-27	Browser flow review desktop/mobile; loop 20 BAVAST case note; loop 26 proof-near-claim decision	Kept compact BAVAST proof under the check, but changed the later examples card from a repeated BAVAST case/result claim into an uitgewerkt voorbeeld focused on the transcript-to-Word work trace.	keep	Keep if the page now uses BAVAST as nearby proof without making one case feel repeated as the whole offer.
2026-05-27	check-intro-tone-loop-28	User browser observation; loop 21 check language; loop 23 Exa time-loss language	Removed the public "Geen AI-score. Geen besparingsbelofte." boundary and replaced it with direct workday language around five signals for zoeken, overtypen and rondvragen.	keep	Keep if the section now reads like a practical time-loss check instead of a reaction to AI-readiness or savings-calculator pages.
2026-05-27	landing-page-architecture-loop-29	Boring Marketer landing page architecture image; current homepage flow; Vastpakt source-first rules	Translated the architecture into section jobs by adding a secondary CTA after the examples grid and a simple footer, without copying aggressive sales language or visual style.	keep	Keep if the page now catches scrollers after recognition and ends with basic legitimacy while preserving Vastpakt's grounded workday tone.
2026-05-27	flow-tightening-loop-30	Browser flow review of loop 29; landing-page architecture job order; current section positions	Moved the existing Eerste Zicht offer block directly after the secondary CTA and reordered header links to match the reading flow: Check, Voorbeelden, Eerste Zicht, Contact.	keep	Keep if "Wat krijg ik terug?" now lands immediately on the offer details and navigation no longer fights the page order.
2026-05-27	direct-response-rhythm-loop-31	Boring Marketer direct-response copy image; existing source-first homepage copy; loop 21-23 time-loss language	Shortened selected hero, check, offer, problem and contact lines into clearer work-state beats without adding new claims or direct-response jargon.	keep	Keep if the page reads sharper while still sounding like Flemish KMO workday language, not a hard-sell lander.
2026-05-27	so-what-landing-loop-32	User so-what test request; current loop 31 homepage; local transfer/proof-route research	Changed selected lines so they land on what the reader sees, follows, decides, or can show, instead of stopping at what Vastpakt inspects.	keep	Keep if the copy feels more useful without becoming clever or overclaiming.
2026-05-27	plain-so-what-correction-loop-33	Browser weak-spot scan after loop 32; source-first hero language; so-what test	Changed the hero result line from "waar de volgende stap verdwijnt" to "welke stap ontbreekt" to keep the reader outcome while avoiding clever/metaphorical phrasing.	keep	Keep if the hero remains sharp but feels plainer and more KMO-readable.
2026-05-27	whole-homepage-copy-grill-loop-34	vastpakt-copy-grill-with-docs; current homepage copy classification; Browser mobile pass; so-what test	Replaced internal deliverable wording "overdraagbaarheidscheck" with a concrete followability question, and replaced constructed "waar info beweegt" with source-nearer language around binnenkomt, wacht and opnieuw wordt overgenomen.	keep	Keep if the offer and method sections now feel less internal while preserving the same bounded Eerste Zicht promise.
2026-05-27	mobile-hero-title-break-loop-35	User mobile screenshot; Browser/mobile visual-copyflow review	Kept the H1 wording but added a mobile-only title break after "Alles loopt." and kept "Tot iemand" together so the second beat starts cleanly on mobile.	keep	Keep if mobile reads as "Alles loopt." followed by "Tot iemand..." without creating awkward desktop wrapping.
2026-05-27	mobile-beat-break-sweep-loop-36	User follow-up after loop 35; visual-copyflow review; current mobile homepage	Generalized the mobile title-break helper into a mobile beat-break helper and applied it to high-confidence two-beat hero, card, connection and qualification lines.	keep	Keep if mobile rhythm improves without changing desktop meaning or adding new copy claims.
2026-05-27	offer-name-consistency-loop-37	Current homepage scan; loop 13 offer-name decision; loop 30 flow tightening	Changed the lone method-section eyebrow from "Eerst Zicht" to "Eerste Zicht" so the offer label matches nav, offer, contact and footer usage.	keep	Keep because this removes label inconsistency while preserving the normal sentence "Eerst zien waar het manuele werk ontstaat."
2026-05-27	weakest-spot-removal-loop-38	Current homepage flow; Browser mobile section map; proof-risk notes; source-first rules	Removed the lower "Niet alleen de rechte lijn" stopmoment section because it added conflict/risk scenarios without a new proof object and slowed the route toward fit, FAQ and contact.	keep	Keep if the lower page feels lighter while context, qualification and legal/accounting boundaries remain clear.
2026-05-27	person-trust-pattern-loop-39	Exa: Xudo, Dries Bultynck, Centerline, Hexward, Stan Tscherenkow, Hallett, Jens Van Vlierberghe; local Swipefile proof-placement notes	Created an internal decision note for a possible person trust block near contact; no public homepage copy shipped.	hold	Keep as a constraint if it prevents invented bio copy and clarifies that the person block should reduce contact/form doubt near the action.
2026-05-27	contact-person-trust-line-loop-40	Loop 39 person-trust decision; local Personal Note spec; current contact block	Added one small contact note saying Christophe first looks at the submitted example, without creating a biography section or adding reply-time/credential claims.	keep	Keep if it lowers contact friction without making the lower page feel heavier or self-promotional.
2026-05-27	contact-role-fact-loop-41	User-provided facts: Christophe, zaakvoerder van Vastpakt	Added the factual role "zaakvoerder van Vastpakt" to the existing contact trust line; no full person block yet.	keep	Keep if the line feels more trustworthy without becoming a biography or self-promotion.
2026-05-27	person-block-stop-condition-loop-42	Current homepage; loop 39 person-trust decision; loop 40 contact trust line; loop 41 user-provided role fact; unresolved person-block facts	Held the fuller person block and kept public homepage copy unchanged because reply handling, timing, photo, honest fit/no-fit promise and extra proof are still unconfirmed.	hold	Keep the one-line contact trust note until the missing facts are known; do not replace missing operating facts with biography copy.
2026-05-27	christophe-contact-trust-block-loop-43	User-provided facts: Christophe replies alone, honest fit/no-fit response allowed, within 24h reply window, photo allowed but no asset yet, extra use cases exist but not yet source-checked	Added a compact person trust block between FAQ and contact, focused on direct handling and what the visitor gets back instead of biography.	keep	Keep if Browser shows the block reduces contact doubt without delaying the final form or sounding self-promotional.
2026-05-27	reject-invented-friction-lines-loop-44	Direct user correction after loop 43	Removed agent-written public lines "Geen projectbrief", "Geen standaardpakket", and "Geen voorbereiding", and added them to AGENTS.md avoid-list.	remove	Never reintroduce these lines; keep contact copy on confirmed operating facts and real workday language.
2026-05-27	exa-swipefile-weak-spots-loop-45	Exa: myKMO, Afandi, Tanguy Verbelen, Jens Van Vlierberghe; local Swipefile proof/friction discipline; Browser page audit	Changed the offer prep block from "Wat je meebrengt" to "Als Eerste Zicht past" and removed "Geen traject om een traject te starten" from the Christophe block.	keep	Keep if it lowers the first-contact threshold and removes anti-sales copy without weakening the confirmed fit/no-fit promise.
2026-05-27	offer-name-load-reduction-loop-46	Exa: Rezolv, Codelines, Office Consulting; local Swipefile friction discipline; Browser phrase-count audit	Reduced repeated lower-page "Eerste Zicht zinvol" and "Vastpakt zinvol" lines to plain "dit past", while keeping Eerste Zicht as the offer label.	keep	Keep if the lower page feels less branded/internal and the contact decision reads as a simple fit check.
2026-05-27	deliverable-threshold-review-loop-47	Exa: Certup Qfor, Codelines, Rezolv, Foocus, JeMSA; local Swipefile friction discipline; Browser offer-block audit	Changed the fit follow-up block to "Daarna bekijken we" with concrete work objects, and replaced "voorstel voor één eerste prioriteit" with "Welk stuk werk eerst zichtbaar moet worden."	keep	Keep if the offer feels less like a report/roadmap and more like looking at one real work situation.
2026-05-27	examples-proof-threshold-loop-48	Exa: Archie Atlantic Belgium, Eezee-it De Ster, We Are Symons, Codelines bouwsector ERP; local Swipefile proof-proximity discipline	Changed the examples heading from a broader time-loss claim to "Vier situaties waar je opnieuw moet zoeken, overnemen of rondvragen."	keep	Keep if the section reads as recognition scenarios with one named BAVAST proof case, not as four measured client results.
2026-05-27	competitor-offer-certainty-gap-loop-49	Exa competitor grill: Axxit, Flowlift, Codelines, ERP op maat, DatApps, Sitesoft, Flowk, DD-Development	No public copy changed; recorded the strict autoresearch guardrail that offer certainty now outranks copy polish.	hold	Before changing contact, person block, or Eerste Zicht copy, confirm exactly what someone receives within 24 hours, the cost boundary, format, and where first contact ends.
2026-05-27	first-response-artifact-loop-50	Exa: Wolrix, Golden Horizons, LittleGiant, Admentus, Sterling North, Applied Leverage, Marshland; local Swipefile tiny diagnostic exchange notes	No public copy changed; identified the likely answer as a small written first-response artifact rather than more person reassurance or a bigger scan promise.	hold	Use only if operationally true: within 24 hours, send a short first look on the submitted example with fit/no-fit, where work seems loose, the first visible question, and the smallest next step.
2026-05-27	first-response-artifact-cross-check-loop-51	Exa: Aplos AI, Infomaze Elite, Automation Labz, AdAI, OVAMIND, Applied Leverage, TightSlice, Alltomate	No public copy changed; cross-check confirmed written first-response artifacts are common, but most market versions are too large for Vastpakt.	hold	Keep the promise smaller than audits/reports/roadmaps: a short first look on the submitted example only.
2026-05-27	first-response-cross-category-loop-52	Exa: Sterling North, Groenewold IT, Universoftware, Wolrix, Afterbuild Labs, Prosigns, Infrixo, FreedomDev	No public copy changed; checked whether the first-response artifact is only an AI-audit trope and found the same pattern in broader software/problem-assessment offers.	hold	If used publicly, keep it as a short first look on one submitted example, not a company/process/automation assessment.
2026-05-27	public-first-response-artifact-loop-53	Loops 49-52 Exa/Swipefile checks; user approval of "een kort eerste zicht op jouw voorbeeld"	Made the 24-hour person/contact promise more concrete: the visitor receives a short first look on their example with fit, where work seems loose, and the first visible question.	keep	Keep if the contact path now feels like a concrete first offer moment while staying smaller than audit/report/roadmap language.
2026-05-27	first-response-alignment-loop-54	Loop 53 public first-response artifact; current offer/person/contact blocks	Aligned older fit-only lines with the new "kort eerste zicht" artifact across the offer exchange, qualification note and contact intro.	keep	Keep if the page now makes the first response concrete without adding audit/report/roadmap pressure.
2026-05-27	first-response-repetition-pressure-loop-55	Loop 54 rendered/public copy; existing Eerste Zicht offer label	Reduced "kort eerste zicht" repetition from four visible uses by restoring plain exchange/qualification language while keeping the artifact near person/contact.	keep	Keep if the first-response promise remains concrete but no longer feels like a second product label beside Eerste Zicht.
2026-05-27	plain-qualification-note-loop-56	Loop 55 qualification note; plain Flemish/KMO readability check	Changed "wat we eerst zien in jouw voorbeeld" to "wat opvalt in jouw voorbeeld" to keep the boundary while sounding less written.	keep	Keep if the qualification note reads naturally and still points to the small first-response artifact.
2026-05-27	person-photo-placement-loop-57	User-provided/generated Christophe work-context photo	Added the laptop photo to the person block and kept the copy unchanged so the image supports the contact promise without adding a new claim.	keep	Keep if desktop/mobile render shows the image supports "Christophe kijkt zelf" without overpowering the route to contact.
2026-05-27	person-contact-friction-loop-58	Rendered loop 57 person/contact route on desktop and mobile	Removed the now-redundant contact person note and repeated form promise; shortened the mobile image slightly.	keep	Keep if the photo/person block now carries trust while the contact block feels lighter and still explains what to send and receive.
2026-05-27	swipefile-name-noise-grill-loop-59	Local Swipefile grill: every section must reduce doubt; one reader, one problem, one action; make Eerste Zicht the sensible middle option	Removed "kort eerste zicht" from public person/contact copy and replaced it with ordinary 24-hour response language.	keep	Keep if Eerste Zicht is now the only named offer layer and the contact response remains clear.
2026-05-27	mailbox-practice-case-loop-60	Triscalis mailbox extraction workdirectory; final JSON and XLSX output	Replaced the synthetic Sarah transfer card with an anonymized real practice case: three mailbox histories became a three-tab Excel output.	keep	Keep if the examples section now feels more proven without leaking client names, mailbox domains, or email addresses.
2026-05-27	forthing-practice-case-loop-61	Forthing BE workdirectory; local docs; plugin files; validation scripts; packaged ZIP outputs	Replaced the remaining generic Factuur card with a named Forthing BE practice case about turning approved design and site data into controlled WordPress/Elementor plugins or blocks.	keep	Keep if the examples section gains real proof without drifting into generic website redesign or exposing repo/access details.
2026-05-27	anonymous-brand-website-label-loop-62	Loop 61 Forthing practice case; privacy/positioning review	Changed the public card label from "Praktijkcase: Forthing BE" to "Praktijkcase: merkwebsite" while keeping the concrete work-object copy.	keep	Keep if the case still feels concrete without relying on the client or brand name.
2026-05-27	workshop-inventory-practice-case-loop-63	MLcoatingbackend workdirectory plus user-provided active-use evidence	Replaced the remaining generic Offerte card with an anonymized werkplaatsvoorraad case: poedervoorraad in kg, verbruik registreren, voorraadstatus and dashboard.	keep	Keep if the examples section feels more concrete without leaking Bouwsmederijloots, ML Coating, contact, deployment, or credential details.
2026-05-27	practice-examples-heading-alignment-loop-64	Current examples grid after loops 60-63	Changed the examples eyebrow/heading from broad recognition language to practice-case language: four examples where loose info, steps or documents had to come together.	keep	Keep if the section now frames the cards as concrete proof without forcing every case into zoeken/overnemen/rondvragen.
2026-05-27	compact-bavast-proof-deduplication-loop-65	Rendered page after loops 60-64 plus existing BAVAST proof notes	Shortened the compact BAVAST proof under the check and removed the one-hour result claim from that early position.	keep	Keep if the check still has nearby proof without making BAVAST feel repeated or turning the one-hour case result into a broad promise.
2026-05-27	eerste-zicht-deliverable-weakening-loop-66	Exa scan of automation/maatwerk competitors plus rendered page repetition audit	Changed the Eerste Zicht deliverables block from "Wat je krijgt" to "Wat wordt duidelijk" and replaced package-like outputs with concrete work questions.	keep	Keep if the offer feels smaller and clearer without reading like an audit, roadmap, workshop or report.
2026-05-27	traject-priority-language-grill-loop-67	Exa scan of Flemish/Belgian maatwerksoftware pages plus current public copy after loop 66	Removed remaining project/consultancy drift words around traject, priority and anti-sales framing; reduced repeated Eerste Zicht usage in the method section.	keep	Keep if the lower page now stays closer to one workday example and less like a software-project intake.
2026-05-27	person-contact-promise-deduplication-loop-68	Solo/service contact Exa scan plus rendered person/contact copy after loop 67	Shortened the person block's 24-hour card so it states Christophe answers himself, while the detailed return promise stays in the contact exchange.	keep	Keep if the lower page still feels trustworthy but no longer repeats the same return promise twice.
2026-05-27	hero-internal-object-label-loop-69	Rendered homepage audit; existing Situatiekaart term-test notes; Exa scan of Belgian/KMO automation and maatwerk pages	Replaced the first-viewport hero card label "Situatiekaart van één offerte" with "Voorbeeld van één offerte" and aligned accessibility labels to the concrete offerte object.	keep	Keep if the hero proof object still feels specific while no longer asking the visitor to accept an unproven internal term above the fold.
2026-05-28	hero-first-zicht-label-loop-70	Rendered loop 69 hero; Exa scan of Belgian/KMO first-step audit/scan/analyse pages; existing Eerste Zicht offer-name boundaries	Changed the hero contrast label from "Na eerste zicht" to "Daarna" so the first-viewport proof object no longer depends on unproven offer language before the offer section.	keep	Keep if the hero still reads as a clear before/after while reserving Eerste Zicht for the actual offer section.
2026-05-28	proof-to-cta-bridge-loop-71	Copywriter's Padawan direct-response reading note; current examples grid; loops 60-65 practice-case proof classifications	Added a bridge sentence after the practice cases so the next CTA connects the shown proof objects to the low-risk "one example" action.	keep	Keep if the scroller CTA now feels like the logical next step after proof, without adding social-proof, popularity, or outcome claims.
2026-05-28	form-instruction-clarity-loop-72	No B.S. Direct Marketing reading note; current contact block; loop 8 offerte source-near language	Changed the form textarea label from a diagnostic time-loss question to "Welk voorbeeld wil je tonen?" and made the placeholder an offerte follow-up example.	keep	Keep if the form now feels easier to answer and better aligned with the low-threshold "Stuur één voorbeeld" action.
2026-05-28	awareness-level-alignment-loop-73	Fresh-eyes Great Leads reread; current homepage section order; loop 72 awareness map	Reframed the lower problem section after Eerste Zicht from a fresh problem opening to a support section explaining why visibility comes first.	keep	Keep if the page no longer drops the reader back to problem-aware mode after the offer section.
2026-05-28	concrete-situation-offer-line-loop-74	Cashvertising reading note; user-approved internal rule around concrete situation, proof and easy action	Replaced the Eerste Zicht lede with a shorter public action line: show one example from your workday, then see what comes loose and which question comes first.	keep	Keep if the offer section becomes easier to picture without adding a new promise, audit, report or roadmap claim.
2026-05-28	preparation-objection-reduction-loop-75	Psychological Triggers Workbook note; current FAQ/contact path	Changed the FAQ answer for not knowing where the problem is from "Dan starten we kleiner" to "Dan hoef je dat niet eerst uit te zoeken."	keep	Keep if it lowers preparation-heavy intake concern without sounding like invented anti-sales copy.
2026-05-28	scannable-proof-to-cta-bridge-loop-76	Web Copy That Sells scanability note; current scroller CTA after practice examples	Split the proof-to-CTA bridge into two short paragraphs so proof objects and the visitor's own example are easier to scan.	keep	Keep if the bridge remains coherent and the CTA feels easier to follow on mobile and desktop.
2026-05-28	contact-instruction-scanability-loop-77	Web Copy That Sells scanability note plus Psychological Triggers preparation-heavy intake warning; current contact exchange	Split the final Stuur dit instruction into two short sentences so the visitor first sees possible work objects, then the friction that makes the example relevant.	keep	Keep if the contact block feels easier to answer without losing the concrete object list or sounding like an intake/project briefing.
2026-05-28	offer-to-contact-route-tightening-loop-78	Vastpakt direct response copy grill plus Web Copy That Sells route discipline and Psychological Triggers preparation-heavy intake warning	Removed the offer block's Daarna bekijken we list and added a direct Stuur één voorbeeld CTA inside Eerste Zicht so the route from proof to action is lighter.	keep	Keep if Eerste Zicht now feels like the logical next step after examples, not another explanatory intake section.
2026-05-28	eerste-zicht-deliverables-compression-loop-79	Vastpakt direct response copy grill plus loop 78 route tightening; current Wat wordt duidelijk list	Compressed the Eerste Zicht deliverables from five detailed bullets to three action-critical bullets: where the example hangs, which question comes first, and whether this fits as next step.	keep	Keep if Eerste Zicht feels like one small first step rather than a mini-analysis package while still explaining enough for hesitant readers.
2026-05-28	eerste-zicht-footer-line-removal-loop-80	Vastpakt direct response copy grill after loop 79; current Eerste Zicht deliverables	Removed the footer sentence under Wat wordt duidelijk because the three bullets and CTA already carry the first-step threshold.	keep	Keep if the offer block feels lighter without losing clarity about what the visitor gets back.
2026-05-28	primary-contact-route-reordering-loop-81	Vastpakt direct response copy grill after loop 80; current section order	Moved person and contact directly after Eerste Zicht so the primary route becomes proof -> offer -> person -> contact, with support sections below for readers who keep scrolling.	keep	Keep if ready visitors reach Christophe/contact sooner while hesitant readers can still continue into support, fit and FAQ sections.
2026-05-28	contact-before-person-route-loop-82	Vastpakt direct response copy grill plus mobile rendered-route review after loop 81	Moved contact directly after Eerste Zicht and placed the full Christophe/person block after the form so mobile visitors reach the action sooner while trust remains nearby.	keep	Keep if the form now appears as the immediate next step after Eerste Zicht without making the page feel less trustworthy.
2026-05-28	competitor-contact-threshold-loop-83	Exa competitor pass across Belgian/Flemish software, integration and automation pages plus scanability and objection notes	Shortened the contact heading to "Stuur één voorbeeld uit je werkdag." so the form asks for an object first while the exchange below keeps the concrete searching, overtyping and asking-around filters.	keep	Keep if the contact block feels easier to start without becoming vague or losing the concrete workday fit.
2026-05-28	first-response-line-compression-loop-84	Fresh Exa pass across Belgian/custom software and automation pages plus prior direct-response source notes	Compressed the contact return line so the 24-hour fit/first-question promise stays visible near the form without repeating the searching/overtyping/rondvragen verbs already used in the send-side instruction.	keep	Keep if the contact exchange feels lighter while still making clear what comes back after one submitted example.
2026-05-28	connection-heading-line-break-loop-85	Visual copyflow review of the connection-section heading after loop 84	Made the line break between "Het werk staat ergens." and "De context staat vaak ergens anders." visible on all viewport sizes, not only mobile.	keep	Keep if the section heading reads as two clear contrast thoughts without changing the claim or adding page weight.
2026-05-28	remaining-two-step-line-breaks-loop-86	Visual copyflow sweep after loop 85	Made the breaks in the hero proofline and Past dit heading visible on all viewport sizes because both lines carry a two-step meaning, while leaving responsive-only proof-card title breaks unchanged.	keep	Keep if the page scans with clearer step/contrast rhythm without creating oversized desktop headings.
2026-05-28	bavast-card-label-alignment-loop-87	Current examples grid plus prior BAVAST repetition decision	Changed the fourth examples-card label from "Uitgewerkt voorbeeld" to "Praktijkcase: Word-rapport" so all four cards share the practice-case pattern without repeating "Praktijkcase: BAVAST".	keep	Keep if the examples grid feels more coherent while BAVAST still avoids duplicate named-label weight.
2026-05-28	finalization-language-audit-loop-88	Final rendered desktop/mobile audit plus Exa/direct-response source-first checks	Replaced the lower fit-boundary phrase "wat loshangt" with "wat onduidelijk is" so the public copy stays in plainer workday language and avoids internal imagery.	keep	Keep if the Past dit section reads clearer without weakening the automation boundary.
2026-05-28	meta-footer-finalization-loop-89	Current loop 88 homepage plus Exa/direct-response edge-of-action review	Aligned the meta description and footer with the one-example route so the page edges no longer describe the offer more broadly than the visible contact promise.	keep	Keep if search/snippet and footer now reinforce the same action without adding a heavier intake, project, audit or preparation frame.
2026-05-28	proof-density-grill-loop-90	Local practice-case notes and workdirectory spot checks plus Exa competitor case-study pass and Swipefile proof discipline	Changed the repeated case-card label from "Vastpakt maakte zichtbaar" to "Wat zichtbaar werd" so proof cards lean on the work object instead of self-referential claim language.	keep	Keep if the examples feel more credible and less promotional without adding unsupported logos, testimonials or stronger result claims.
2026-05-28	anonymous-proof-boundary-loop-91	Exa anonymous case-study credibility pass plus local Swipefile proof discipline and current practice-case grid	Held public homepage copy unchanged because the next proof gain needs publishable assets or permission, not stronger anonymous-case wording.	hold	Use this as a stop condition against adding logos, testimonials, stronger metrics, popularity claims or named cases before explicit proof and permission exist.
2026-05-28	examples-visual-placement-loop-92	Loop 91 proof boundary plus generated anonymized work-object visual	Placed a sober generated visual above the four practice cards to support the shared work-object pattern without treating it as client proof.	keep	Keep if the image improves scanability and visual trust while staying clearly illustrative, anonymous and non-claim-bearing.
2026-05-28	examples-visual-hierarchy-grill-loop-93	Exa case-study visual proof pass plus local direct-response and Swipefile proof discipline	Reduced the examples visual height so it supports the four practice cards instead of carrying proof weight itself.	keep	Keep if the image still gives visual context while the concrete practice cards remain the main proof object.
2026-05-28	contact-form-action-blocker-loop-94	Exa B2B form-friction pass plus local direct-response and Swipefile contact-threshold discipline	Documented that the contact form currently has no action, endpoint, mailto destination, or submit handler, so the promised first action cannot complete.	hold	Before public launch, connect the form to a confirmed public contact destination or replace it with a truthful contact action; do not invent the address or endpoint.
2026-05-28	landbook-hero-proof-canvas-loop-95	Land-book design galleries plus rendered Vastpakt hero measurement	Compressed the hero proof card and kept the hero two-column layout until a narrower breakpoint so the first proof object is lighter and the check section arrives sooner.	keep	Keep if desktop/tablet views show the hero as one compact proof canvas, the check remains directly after hero, and mobile has no horizontal overflow or cramped proof card text.
2026-05-28	landbook-examples-grid-rhythm-loop-96	Land-book section/mobile galleries plus rendered Vastpakt examples measurement after loop 95	Kept the four practice cards in a two-column grid until the narrower 780px breakpoint so proof remains grouped longer and the next CTA arrives sooner.	keep	Keep if tablet/desktop-width views show examples as a compact proof set, mobile still falls back to one column, and no card text becomes cramped or overflows.
2026-05-28	person-block-trust-module-loop-97	Land-book how-it-works/about-us/footer sections plus rendered Vastpakt lower-route measurement after loop 96	Kept the Christophe/person block in two columns until the narrower 780px breakpoint so photo and trust copy remain one connected module after contact.	keep	Keep if tablet/desktop-width views reduce person-section height without cramped text or awkward photo crop, and mobile still stacks cleanly.
2026-05-28	lower-support-module-rhythm-loop-98	Land-book how-it-works/value-proposition/FAQ/footer/mobile scans plus rendered Vastpakt lower-route measurement after loop 97	Kept the method steps and connection cards in two columns on tablet/app-browser widths until the narrower 780px breakpoint.	keep	Keep if method and connection feel like compact support modules, not a second long page, while mobile still stacks cleanly and no card text becomes cramped.
2026-05-28	landbook-cta-hard-stop-loop-99	Land-book pricing/call-to-action scan plus rendered Vastpakt loop 98 and local form/script inspection	Held public design unchanged because the next weakness is the unresolved contact form action, not another visual section.	hold	Before more CTA polish, confirm and implement the real contact destination or replace the form with a truthful route; do not mask the blocker with design.
2026-05-29	six-fingers-question-mechanic-loop-100	Six Fingers Zicht verruimen autoresearch plus current Vastpakt homepage route	Changed the Zo kijken we method section from a four-step process explanation into three concrete work questions around opvolging, bewijs and volgende stap.	keep	Keep if the section now explains Vastpakt faster without copying Six Fingers innovation language or turning question routes into unsupported proof claims.
2026-05-29	six-fingers-hero-question-loop-101	Six Fingers project-question architecture plus existing Vastpakt offerte hero proof object	Changed the hero from the broader Alles loopt framing to the concrete question Offerte verstuurd. Wie volgt op?, with a question-led lede and proofline.	keep	Keep if the first viewport becomes faster to understand without narrowing the whole offer too much to offertes or weakening the stable one-working-visible anchor.
2026-05-29	hero-scope-correction-loop-102	User correction that Vastpakt studies more than offerte plus existing one-example workday route	Broadened the hero from the offerte-specific H1 to one example from the workday, while keeping the offerte card as a concrete proof object.	keep	Keep if the hero stays question-led without making Vastpakt sound like an offerte-only service or drifting back to abstract all-business language.
2026-05-29	six-fingers-core-lesson-hero-loop-103	User confirmation of Six Fingers core lesson plus loop 100 question-mechanic research	Changed the hero from a missing-step question to the broader first-visible-question mechanism, with opvolging/bewijs/volgende stap as the three question routes.	keep	Keep if the hero now captures the Six Fingers lesson without becoming abstract or narrowing Vastpakt to one business object.
2026-05-29	hero-stroef-language-exa-loop-104	Exa scan of KMO/process language around waar loopt het stroef, opvolging, Excel, mail, CRM and facturatie	Replaced the constructed hero line waar je voorbeeld vandaag loskomt with the more market-readable waar je voorbeeld vandaag stroef loopt.	keep	Keep if stroef reads more ordinary in the hero without becoming vague or replacing the more precise deeper words around opvolging, bewijs and volgende stap.
2026-05-29	hero-example-word-correction-loop-105	User correction that voorbeeld does not fit in the hero lede before the visitor has acted	Changed the hero lede from waar je voorbeeld vandaag stroef loopt to waar je werk vandaag stroef loopt, while keeping one example as the action route.	keep	Keep if the hero reads broader and more natural without losing the one-example CTA path.
2026-05-29	homepage-weakness-autoresearch-loop-106	Rendered mobile homepage metrics, Six Fingers question-mechanic research, Exa KMO process language, writing and source checklists	No public copy changed; documented that the main weakness is now structural: the hero says which question comes first, but the concrete three-question method appears too late after contact and support sections.	hold	Run a structure pass before another hero-copy pass: bring the three-question route closer to the hero/offer, reduce overuse of voorbeeld outside CTA/form, and replace remaining public loskomt language.
2026-05-29	homepage-weakness-priority-loop-107	Fresh mobile/desktop render metrics plus Exa B2B proof-placement and CTA-friction signals	No public copy changed; prioritized the weaknesses: the three-question route is too low, loskomt should be retired from public copy, the check recognizes pain without routing it, and the lower page restarts the argument after contact.	hold	Loop 108 should be a structure edit, not another hero wording pass: move a compact three-question route up, retire loskomt while touching those sections, and keep voorbeeld mainly for CTA/form.
2026-05-29	christophe-vastpakt-core-loop-108	User-provided captured sentence: ik heb iemand nodig die dit vastpakt; current homepage hero and first check route	Changed the hero to the buyer thought "Iemand nodig die dit vastpakt?", named Christophe in the lede, made the first check ask where Christophe should first look, and retired several public loskomt uses.	keep	Keep if the first viewport now makes Vastpakt feel person-led without becoming biography, and if the first check still anchors the promise in concrete work objects.
2026-05-29	person-led-promise-weakness-loop-109	Rendered loop 108 desktop/mobile metrics plus Flowlift, Peak Web Apps and brepp source scan	No public copy changed; documented that the new weakness is support gap: the hero promises Christophe as the person who vastpakt, but the early route still acts like example intake instead of showing what Christophe first sends back.	hold	Loop 110 should add or move a compact "Wat Christophe eerst terugstuurt" block near hero/check and reduce voorbeeld in explanatory lines without touching the H1 again.
2026-05-29	christophe-first-response-route-loop-110	Loop 109 person-led promise weakness plus existing homepage work-object routes	Added a compact "Wat Christophe eerst terugstuurt" block inside the check section, mapped check-result copy to opvolging/bewijs/volgende stap, and reduced explanatory voorbeeld repetition without changing the H1.	keep	Keep if browser verification shows the block supports the person-led hero without making the first route feel heavier than the previous check.
2026-05-29	action-after-first-response-loop-111	Rendered loop 110 desktop/mobile metrics plus B2B form-friction source scan	No public copy changed; documented that the new weakness is action proximity: the page now explains what Christophe first sends back, but the contact action remains too far below that clarity, especially on mobile.	hold	Loop 112 should add a compact CTA directly after the first-response/check block and avoid touching the H1, adding proof, or moving the full form yet.
2026-05-29	check-local-action-loop-112	Loop 111 action-proximity weakness plus existing one-work-object route	Added a compact CTA directly after the first-response block: "Heb je één mail, offerte, Excel-rij of afspraak in gedachten?" with "Stuur die plek naar Christophe" linking to contact.	keep	Keep if desktop/mobile verification shows the action is visible near the first-response clarity without turning the check into a heavier sales section.
2026-05-29	check-section-weight-loop-113	Rendered loop 112 desktop/mobile metrics plus CTA placement source scan	No public copy changed; documented that the new weakness is check-section weight: first response, checkbox recognition, local CTA and compact BAVAST proof now make the check a mini-page.	hold	Loop 114 should remove or move the compact BAVAST proof from the check section, then re-measure check height and proof route before touching lower-page repetition.
2026-05-29	check-bavast-proof-removal-loop-114	Loop 113 check-section weight weakness and existing Word-report practice case in examples	Removed the compact BAVAST proof from the check section so the early route moves from first-response and local CTA into the broader practice examples without repeating BAVAST.	keep	Keep if browser verification shows the check is shorter, the local CTA still feels supported, and the examples grid still carries the Word-report proof.
2026-05-29	route-duplication-after-local-cta-loop-115	Rendered loop 114 desktop/mobile metrics plus B2B landing-page focus source scan	No public copy changed; documented that the new weakness is route duplication: after the local CTA, the page repeats the same send-an-example action in the scroller CTA and offer CTA before the form.	hold	Loop 116 should remove the scroller CTA first, then re-measure contact top, offer top, and CTA count before compressing the offer or examples.
2026-05-29	scroller-cta-removal-loop-116	Loop 115 route-duplication weakness plus existing loop 29/30 scroller CTA classification	Removed the scroller CTA between examples and the Eerste Zicht offer, including its unused CSS, so the page no longer repeats the same send-an-example ask before the offer.	keep	Browser verification: no horizontal overflow, scroller CTA absent, desktop contact moved from 5128px to 4640px, mobile contact moved from 8103px to 7567px; keep unless the offer now feels too abrupt in a later review.
2026-05-29	contact-exchange-repetition-loop-117	Rendered loop 116 desktop/mobile measurements, visual-copyflow review, and B2B/contact-form friction source scan	No public copy changed; documented that the new weakness is adjacent repetition: Eerste Zicht explains the send/get-back exchange, then Contact repeats Stuur dit/Krijg dit terug before the visitor reaches the first input.	hold	Loop 118 should compress the contact intro and remove the two-card contact-exchange block, while preserving what to send, what comes back, and the 24-hour expectation.
2026-05-29	contact-exchange-compression-loop-118	Loop 117 contact-exchange repetition weakness plus existing contact/offer copy classification	Compressed the contact section by removing the two-card Stuur dit/Krijg dit terug block and replacing the intro with one short expectation line before the form.	keep	Browser verification: no horizontal overflow, contact-exchange absent, mobile first input moved from 8193px to 7924px, contact height fell from 1131px to 862px, and the 24-hour expectation remains visible.
2026-05-29	six-fingers-contact-question-correction-loop-119	Live Browser read of Six Fingers Zicht verruimen plus existing Six Fingers autoresearch note	Replaced the rejected loop 118 contact intro with a question-led contact route: "Welke vraag blijft vandaag liggen?" and workday language around zoeken, overnemen, rondvragen, opvolging, bewijs and volgende stap.	keep	Browser verification: contact reads as a question route, contact-exchange remains absent, no horizontal overflow, script loads loop119, and Six Fingers strategy/innovation language was not copied.
2026-05-29	first-contact-friction-correction-loop-120	Intent-first research on whether visitors will send real business artifacts in first contact, plus Six Fingers question-route reread	Replaced the artifact-sharing ask with a lower-friction question ask: describe where you keep searching, taking over or asking around; no file needed; submit button now says "Stuur je vraag".	keep	Keep if Browser verification shows contact still reads as a question route, no upload/document request remains, the form stays short, and loop120 loads without overflow.
2026-05-29	empty-textarea-friction-loop-121	Intent-first research, Browser inspection of loop 120 contact, B2B form-friction sources, Six Fingers question-route pattern	No public copy changed; documented that loop 120 removed document-friction but still leaves formulation-friction: the visitor must answer a blank required textarea from scratch.	hold	Next edit should add visible sentence starters near the textarea, not extra fields: "Ik weet niet wie opvolgt", "Ik zoek telkens waar het akkoord staat", "Werk is klaar, maar de volgende stap blijft liggen."
2026-05-29	contact-sentence-starters-loop-122	Loop 121 empty-textarea friction research plus existing Vastpakt opvolging/bewijs/volgende-stap routes	Added visible helper text under the contact textarea label with three sentence starters, and shortened the placeholder to one simple offerte-opvolging example.	keep	Browser verification: no horizontal overflow, loop122 loads, helper text is visible above the textarea, aria-describedby=situationHelp, no upload/contact-exchange, required fields remain name/email/situation, and public bad asks remain absent.
2026-05-29	hero-card-label-market-language-loop-123	Six Fingers question-led case pattern; Exa market pages around opvolging, mailbox, Excel, laatste stap; BouwInfo forum language around waiting for clarity	No public homepage copy changed; documented that "Voorbeeld van één offerte" names the object but not the recognisable tension.	hold	Next edit should test replacing the hero card label with "Waar blijft opvolging hangen?" while keeping the offerte body as the concrete scene.
2026-05-29	hero-card-question-label-loop-124	Loop 123 market-language decision plus Six Fingers question-led case pattern	Replaced the hero card label and aria-label from "Voorbeeld van één offerte" to "Waar blijft opvolging hangen?", while keeping the offerte scene as the concrete proof object.	keep	Browser verification: question label fits inside the hero card, old label is absent, no horizontal overflow, no "Stuur je offerte" ask, and no upload language near contact.
2026-05-29	offer-certainty-first-response-artifact-loop-125	Exa on named first-response artifacts: Wolrix free audit (3-page PDF, 24h, named contents, no sales call), The Proposition Architect named diagnostic, ALM clinic model, LeadGenCrypto 3-1-1 teardown, Alli AI free-sample framing; program loop 50 conclusion	Rewrote the Eerste Zicht "Wij sturen terug" from a vague filter ("of dit past, welke vraag...") into a named concrete artifact: "Een korte geschreven eerste blik op dat ene voorbeeld, binnen 24 uur" with its three contents and an honest no. One bounded change.	keep	Browser-verified: named artifact fits the flat exchange card, no overflow, reads as a concrete first-response thing not a scan/audit, no metrics or jargon. Operating truth confirmed 2026-05-29: free written first look within 24h, four-part shape (wat je stuurde / wat speelt / kleine volgende stap / wat dit niet is) recorded in DESIGN.md section 8. Copy is honest, not invented.
2026-05-29	align-first-response-touchpoints-loop-126	Exa on landing-page message consistency: Searchlab (one source, what-you-get framing), Sense Central (same promise, different angle), Browsely (remove duplicate claims), Verlua (what's-included list), Narrative-ops; anchored to DESIGN.md section 8	Aligned the three first-response touchpoints to one canonical promise: shortened the exchange-card "Wij sturen terug" to the one-line named deal; turned the adjacent "Wat wordt duidelijk" list into "Wat je terugkrijgt" with the four-part artifact shape (adds "wat je stuurde, in jouw woorden"); changed the person fact to "Christophe schrijft zelf je eerste blik".	keep	Browser-verified via element refs: offer block reads as deal (card) + contents (list) with no duplication, the honest no lives in the list and person register, part 1 now present, no overflow. Sharper not heavier. All three pull from DESIGN.md section 8.
2026-05-29	contact-what-happens-next-loop-127	Exa on what-happens-next reassurance at the submit moment: Vladimir Siedykh, Specflux, Verlua, Aether, Express Jam; anchored to DESIGN.md section 8	Added a what-happens-next line directly under the contact submit button, pulled from section 8 with verbal match: "Je krijgt binnen 24 uur een korte geschreven eerste blik terug, of een eerlijk nee." Held the hero proofline unchanged (method, not deliverable; already consistent with section 8).	keep	Browser-verified via ref: the line sits under "Stuur je vraag", muted, no overflow, echoes the artifact without repeating its four-part structure. Hero proofline deliberately not changed: aligning it would pull the deliverable above the fold and add weight, not sharpness.
2026-05-29	person-led-hero-loop-128	Exa on founder-led / solo-operator heroes: Landdding (Founder-Led Credibility Hero pattern), Lockerfella one-man-van, Mojojet founders-in-hero, DigitalApplied + CopyCrest (subtraction); anchored to DESIGN.md sections 1 and 8	Replaced the dense hero situation-card with a person block: Christophe's real photo + first-person promise folding in the section 8 artifact + one offerte beat. Revise pass: left lede changed from third person to second person so the right column owns the "Ik ben Christophe" reveal (resolves the voice clash).	keep	Browser-verified (small-render caveat): hero now leads with the human, carries offer certainty above the fold, drops the four-way diagram retelling, voice consistent. Open: verify photo object-position on a real screen; old hero-card CSS now dead; question headline still an open statement-vs-question test.
2026-05-30	homepage-google-autosuggest-nouns-loop-129	Google Autosuggest: offerte opvolging/offerte opvolging mail/facturen bijhouden/facturen bijhouden excel/klantenbestand excel; Exa: KMO-Facturatie, Afandi, UNIVO, DeskManager	Carried the Over Vastpakt autosuggest noun pass into the homepage hero/action/offer examples: Excel-rij and factuurroute became klantenbestand in Excel and openstaande factuur, while the hero/offer example now says offerte die je moet opvolgen.	keep	Keep if Browser confirms the first viewport and local CTA read more like ordinary KMO admin/search language without turning Vastpakt into facturatie software or expanding the offer scope.
2026-05-30	homepage-market-survey-faq-language-loop-130	Exa: DeskManager, ETS/Admin2Win, Afandi, BlueCRM, myKMO; Google Autosuggest: bewijs factuur, factuur bewijs van betaling, afspraken bijhouden	Replaced offer/lower fit/FAQ internal field language: status/eigenaar/bewijs, bewijsroute, factuurtrigger and loskomt became ordinary KMO work objects such as klantmail, afspraak, openstaande factuur, opvolging, akkoord, laatste actie and blijft hangen.	keep	Keep if Browser confirms the lower page reads less internal without changing the hero, offer scope, or legal/accounting boundary.
2026-05-30	homepage-market-survey-middle-route-loop-131	Exa: KMO-Facturatie, Flexina, Djaboo, ZenFactuur, DeskManager; Google Autosuggest: offerte aanvaarden/offerte goedkeuren/betalingsopvolging	Replaced the middle-route bundle status/bewijs/volgende stap where it read like a Vastpakt model, using market/workday terms: opvolging, akkoord, openstaande factuur and laatste actie.	keep	Keep if Browser confirms the check and offer route read less internal while concrete proof/bewijs questions remain where they are work-object specific.
2026-05-30	homepage-market-survey-task-action-loop-132	Exa: DeskManager, Odoo lead-to-cash, BlueCRM, KMO-Facturatie, UNIVO; Google Autosuggest: taken opvolgen, afspraak opvolgen	Changed two check-route `volgende stap` lines to `taak of actie`, because the section asks what work someone must do and market pages/search use taken, acties, opvolgacties and laatste actie more concretely there.	keep	Keep if Browser confirms the check card reads more like ordinary KMO work without weakening the broader follow-up promise elsewhere on the page.
2026-05-30	homepage-market-survey-klantdossier-loop-133	Exa: Flexina, BlueCRM, Compufact; Google Autosuggest: klantdossier, digitaal klantdossier, klantenfiche, documenten bijhouden, taken opvolgen	Replaced the lower-page aftercare phrase `dossierlogica of opvolgplek` with `klantdossier`, keeping `overzicht` and `checklist` because those are plain and source-near.	keep	Keep if Browser confirms the aftercare block now reads less internal without implying Vastpakt is a CRM or all-in-one software platform.
2026-05-30	homepage-market-survey-voorbeeld-cta-loop-134	Exa: DeskManager, KMO-Facturatie, CoManage; Google Autosuggest: offerte voorbeeld, factuur voorbeeld, klantenfiche voorbeeld, klantdossier voorbeeld, offerte opvolgen voorbeeld	Changed the check-section CTA from `Stuur die plek naar Christophe` to `Stuur je voorbeeld naar Christophe`, because `plek` is internal shorthand while `voorbeeld` matches the form route and search language around concrete KMO objects.	keep	Keep if Browser confirms the CTA still routes cleanly to contact and reads as one concrete example, not a broad consultation ask.
2026-05-30	homepage-market-survey-eerste-zicht-intro-loop-135	Exa: TNK Admin, KMO-Facturatie, Afandi, Facturalia; Google Autosuggest: offerte opvolgen voorbeeld, offerte opvolgen mail voorbeeld, factuur voorbeeld, klantenbestand excel	Replaced the Eerste Zicht intro's anti-consultancy wording `Geen groot traject. Geen intake van drie meetings` with concrete market/workday objects and the existing 24-hour written-answer promise; also changed `geschreven blik` to `geschreven antwoord`.	keep	Keep if Browser confirms the offer block reads more like a simple example-to-answer route without expanding Eerste Zicht into a software/demo/consulting promise.
2026-05-30	homepage-market-survey-voorbeeld-step-loop-136	Exa: KMO-Facturatie, Teamleader, CoManage; Google Autosuggest: offerte voorbeeld, factuur voorbeeld, excel klantenbestand voorbeeld, offerte opvolgen voorbeeld	Changed the first Eerste Zicht step heading from `Jij stuurt één concrete situatie` to `Jij stuurt één voorbeeld`, because `voorbeeld` is stronger search/market language and now matches the CTA.	keep	Keep if Browser confirms the step still reads concrete through the examples underneath and the offer does not become a broad contact request.
2026-05-30	homepage-market-survey-fit-answer-loop-137	Exa: MINAMO, NexitAdmin, L'Offis, My Flying Office, Addmodum; market words: vraag, antwoord, past, situatie, duidelijkheid	Replaced the Eerste Zicht deliverable `wat dit niet is, eerlijk gezegd` with `of dit past bij je vraag`, because the old line was internal defensive positioning and market/contact pages use vraag, antwoord and past language.	keep	Keep if Browser confirms the deliverable list reads like a simple answer route without overpromising a proposal or consultation.
2026-05-30	homepage-market-survey-task-action-deliverable-loop-138	Exa: Flexina, Afandi, Admore, TNK Admin, Addmodum; market words: taken, actie, opvolging, stappen nodig	Replaced the Eerste Zicht deliverable `de kleine volgende stap` with `welke taak of actie eerst komt`, because adjacent KMO/admin pages speak about taken, acties and opvolging more concretely than Vastpakt's internal `volgende stap` shorthand.	keep	Keep if Browser confirms the list still reads as a short first answer and does not imply a full plan, audit or software proposal.
2026-05-30	homepage-market-survey-safer-first-ask-loop-139	Exa: MINAMO, Maxelie, Addmodum, IlsAssist, Admore, L'Offis, Adminflex, Office Consulting; market words: vraag, vragen, situatie, behoeften, kennismaken, contact	Replaced the Eerste Zicht intro's document-forward `Stuur één klantmail, offerte...` with `Beschrijf kort wat blijft hangen... Geen bestand nodig`, because market/contact pages ask for a question or situation first and the live contact block already uses the safer no-file route.	keep	Keep if Browser confirms the offer remains concrete without asking cold visitors for sensitive documents too early.
2026-05-30	homepage-market-survey-recognition-before-offer-loop-140	Exa: Office Consulting, DeskManager, Odive/Odoo, myKMO; market words: herkennen dit, worstelt u met, administratie stapelt zich op, losse info, verspreid, overzicht	Changed the first check heading from provider/action framing `Vink aan waar Christophe eerst moet meekijken` to recognition framing `Herken je dit in je werkdag?`, because the section's job is to create the "amai ja, dat is wat wij hebben" moment before the offer.	keep	Keep if Browser confirms the check section remains actionable and the section order still flows hero -> recognition -> proof -> Eerste Zicht -> contact.

2026-05-30	over-vastpakt-copy-improvement-loop	Exa: MindYourOwnBusiness Vlaamse KMO platform article; Let’s get DIGITAL; Odoo KMO digitaliseringsvoordelen; local llms/homepage/DESIGN first-response facts	Changed the Over Vastpakt page from thin entity repetition into a source-first explanation with recognisable situations, Christophe first-check questions, and concrete work-object proof notes.	keep	Keep if browser verification shows the page remains an entity/trust page, not an all-in-one platform promise, and if copy stays concrete without overclaiming.
2026-05-30	over-vastpakt-workobject-language-correction	Exa: Odoo lead-to-cash Belgium; KMO-Facturatie; BlueCRM; local copydeck work-object guardrails	Replaced public heading Welke werkobjecten passen? with Waar mag je vraag over gaan? and changed the body to market/workday nouns like klantmail, offerte, Excel-lijst, CRM-notitie, afspraak, factuur and Word-document.	keep	Keep because it removes internal taxonomy while preserving concrete objects and the low-friction question route.
2026-05-30	over-vastpakt-internal-language-pass	Exa: DeskManager; KMO-Facturatie; Afandi verkoopadministratie; UNIVO; local source-first rules	Replaced remaining internal/container copy on the about page: op tafel leggen, factuurroute, eigenaar van de volgende stap, losse plek, publieke contactroute and Antwoord became concrete question, waiting invoice, who follows up, unclear step, contact page and reaction.	keep	Keep if Browser confirms the page still explains Vastpakt clearly while sounding closer to ordinary KMO admin language and not like an all-in-one software promise.
2026-05-30	over-vastpakt-person-trust-language	Exa: AD-apt over page; VOF-oprichten; Level9Services; AG Office; local fact that Christophe replies himself	Replaced Wie kijkt mee? and the awkward website-of-Christophe sentence with Wie bekijkt je vraag? plus direct zaakvoerder/rechtstreeks/zelf trust language.	keep	Keep if Browser confirms the block reads human-first without adding biography or unsupported authority claims.
2026-05-30	over-vastpakt-google-autosuggest-nouns	Google Autosuggest: offerte opvolging/offerte opvolgen/facturen bijhouden/klantenbestand excel; Exa: KMO-Facturatie, CoManage, Afandi, ETS Admin2Win	Changed generic examples from Excel-lijst and factuur die blijft wachten to klantenbestand in Excel and openstaande factuur, and named offerte die opvolging vraagt in the hero list.	keep	Keep if Browser shows the page reads more like ordinary KMO admin/search language without making an all-in-one software promise.
